0,        0        0 0.622451,        0        0 0.622451,        0        0 0.622451,        0        0 0.622451,        0        0 0.622451,        0        0 0.622451,        0        0 0.622451,        0        0 0.622451,        0        0 0.622451,        0        0 0.622451,        0        0 0.622451,        0        0 0.622451,        0        0 0.622451,        0        0 0.622451,        0        0 0.622451,        0        0 0.622451, 
5,  6.1401e-05 6.42411e-06    0.622443,        0        0 0.622451,        0        0 0.622451,        0        0 0.622451,        0        0 0.622451,        0        0 0.622451,        0        0 0.622451,        0        0 0.622451,        0        0 0.622451,        0        0 0.622451,        0        0 0.622451,        0        0 0.622451,        0        0 0.622451,        0        0 0.622451,        0        0 0.622451,        0        0 0.622451, 
10, 0.000235151 7.60815e-06    0.622401,        0        0 0.622451,        0        0 0.622451,        0        0 0.622451,        0        0 0.622451,        0        0 0.622451,        0        0 0.622451,        0        0 0.622451,        0        0 0.622451,        0        0 0.622451,        0        0 0.622451,        0        0 0.622451,        0        0 0.622451,        0        0 0.622451,        0        0 0.622451,        0        0 0.622451, 
15,   0.0004402 4.13662e-06    0.622296, 6.23275e-310 6.23275e-310     0.622451,  -0.00499371 -0.000484828     0.617105, -0.00767122 -0.00081665    0.614094, -0.00965782 -0.00109974    0.611248,  -0.0109977 -0.00135194    0.608504,  -0.0118398 -0.00156737    0.605831,  -0.0122745 -0.00174547    0.603206,  -0.0124018 -0.00188188    0.600616,   -0.012312 -0.00197182    0.598051,  -0.0120938 -0.00200938    0.595506,  -0.0118316 -0.00198739    0.592978,  -0.0116032 -0.00189928    0.590463,  -0.0114896 -0.00173373     0.58796, -0.0115459 -0.0014915   0.585461,  -0.0116661 -0.00141699    0.583452, 
20,  0.000547119 -1.34249e-05     0.622151, 1.24655e-309 1.24655e-309     0.622451,  -0.00988106 -0.000626283     0.614621,   -0.0131529 -0.000999167     0.611057, -0.0166195 -0.0013046   0.607432,  -0.0191636 -0.00159911    0.603923,   -0.021169 -0.00185514    0.600411, -0.0225774 -0.0020786   0.596875,  -0.0234672 -0.00226221    0.593287, -0.0238708 -0.0024032   0.589633,  -0.0238273 -0.00249684    0.585901,  -0.0233617 -0.00253807    0.582083,  -0.0224994 -0.00252233    0.578166,  -0.0212325 -0.00244188    0.574129,  -0.0196235 -0.00229771    0.569952,  -0.0191323 -0.00228025     0.56661, 
25, 0.000536619 -3.0555e-05    0.622007, 1.79137e-309 1.86982e-309     0.622451,  -0.00656131 -0.000347782     0.616686,  -0.00993708 -0.000519167     0.614171,   -0.0129356 -0.000389636     0.611715,   -0.0150725 -0.000490819     0.609393,   -0.0167818 -0.000570026     0.607086,   -0.0179625 -0.000676394      0.60478,   -0.0187381 -0.000769053     0.602451,   -0.0191481 -0.000850759     0.600087,   -0.0192546 -0.000914026     0.597685,   -0.0191017 -0.000957869     0.595238,   -0.0187348 -0.000981176     0.592744,   -0.0181854 -0.000984116     0.590193,   -0.0175098 -0.000970214     0.587577,    -0.017316 -0.000981073     0.585586, 
30,  0.000447365 -4.63675e-05     0.621873, 2.41465e-309  2.4931e-309     0.622451, -0.00523979 -0.00029816    0.618355,  -0.00704641 -0.000504984     0.616818,  -0.00934327 -0.000859079     0.615439,  -0.0107527 -0.00109637    0.614165,  -0.0118994 -0.00136156    0.612905,  -0.0126519 -0.00164913    0.611668, -0.0131527 -0.0018896   0.610442,  -0.0134506 -0.00207473    0.609228,  -0.0136234 -0.00217107    0.608031,  -0.0137381 -0.00215358    0.606855,  -0.0138578 -0.00199623    0.605705,  -0.0140487 -0.00166282    0.604583,  -0.0143464 -0.00115042    0.603484,    -0.014463 -0.000979648     0.602791, 
35, 0.000310514  -5.307e-05    0.621751, 3.03792e-309 3.11637e-309     0.622451,  -0.00350883 -0.000208732     0.619383,  -0.00478599 -0.000657288     0.618543, -0.00631957 -9.6829e-05     0.61778,  -0.00735576 -0.000437103     0.617142,  -0.00822885 -0.000308838     0.616523,  -0.00884414 -0.000361513     0.615929, -0.00931275 -0.00036124    0.615358,  -0.00968617 -0.000388946     0.614812,   -0.0100336 -0.000416025     0.614297,   -0.0104197 -0.000454715      0.61382,   -0.0109028 -0.000502912      0.61339,   -0.0115515 -0.000565677     0.613018,   -0.0123808 -0.000640906     0.612708,   -0.0126701 -0.000663971     0.612733, 
40,  0.000144925 -4.99464e-05     0.621637, 3.34956e-309 3.42801e-309     0.622451,  -0.00351676 -0.000309631     0.619701,  -0.00437989 -0.000578967     0.619048,   -0.0058359 -0.000555274     0.618402,  -0.00689269 -0.000851723     0.617842,   -0.0078624 -0.000971596     0.617294, -0.00865648 -0.00118758    0.616766, -0.00932456 -0.00134664    0.616256, -0.00990507 -0.00149107    0.615761,  -0.0104341 -0.00157562    0.615279,  -0.0109499 -0.00158886    0.614812,  -0.0114849 -0.00150831    0.614358,  -0.0120749 -0.00130928    0.613917,   -0.0127265 -0.000988445     0.613482,   -0.0129816 -0.000893281     0.613432, 
45, -3.47297e-05 -3.45179e-05      0.62153, 3.97283e-309 4.05128e-309     0.622451,  -0.00285084 -0.000110853     0.620352, -0.00308334 -0.00060732    0.619976,  -0.00362288 -0.000530741     0.619579, -0.00416337 -0.00129287    0.619147, -0.00449935 -0.00147485    0.618777, -0.00481784 -0.00192914    0.618428, -0.00509496 -0.00221303    0.618122,  -0.0054231 -0.00248747    0.617863, -0.00585999  -0.0026581    0.617663, -0.00648423 -0.00272523    0.617538, -0.00736086 -0.00265516    0.617507, -0.00858232  -0.0024168    0.617598, -0.0101504 -0.0020049   0.617831,  -0.0106712 -0.00189505    0.618417, 
50, -0.000220302 -4.62182e-06     0.621432, 3.97283e-309 4.05128e-309     0.622451,  -0.00285084 -0.000110853     0.620352, -0.00308334 -0.00060732    0.619976,  -0.00362288 -0.000530741     0.619579, -0.00416337 -0.00129287    0.619147, -0.00449935 -0.00147485    0.618777, -0.00481784 -0.00192914    0.618428, -0.00509496 -0.00221303    0.618122,  -0.0054231 -0.00248747    0.617863, -0.00585999  -0.0026581    0.617663, -0.00648423 -0.00272523    0.617538, -0.00736086 -0.00265516    0.617507, -0.00858232  -0.0024168    0.617598, -0.0101504 -0.0020049   0.617831,  -0.0106712 -0.00189505    0.618417, 
55, -0.000406364  3.66828e-05     0.621343, 4.59611e-309 4.67456e-309     0.622451,  -0.00280498 -5.26022e-05      0.62059,  -0.00297315 -0.000447087     0.620377,  -0.00355494 -0.000231201     0.620095,  -0.00445658 -0.000825697     0.619716,  -0.00518618 -0.000821254     0.619399, -0.00601281 -0.00112084    0.619085, -0.00679423 -0.00124351    0.618801, -0.00759664 -0.00139326    0.618536, -0.00841328 -0.00146652    0.618288, -0.00926547 -0.00148478    0.618054,  -0.0101629 -0.00142137    0.617828,  -0.0111244 -0.00126081    0.617602,    -0.012141 -0.000997868     0.617359,   -0.0125754 -0.000911126     0.617538, 
60, -0.000589819   8.7186e-05     0.621261, 4.59611e-309 4.67456e-309     0.622451,  -0.00280498 -5.26022e-05      0.62059,  -0.00297315 -0.000447087     0.620377,  -0.00355494 -0.000231201     0.620095,  -0.00445658 -0.000825697     0.619716,  -0.00518618 -0.000821254     0.619399, -0.00601281 -0.00112084    0.619085, -0.00679423 -0.00124351    0.618801, -0.00759664 -0.00139326    0.618536, -0.00841328 -0.00146652    0.618288, -0.00926547 -0.00148478    0.618054,  -0.0101629 -0.00142137    0.617828,  -0.0111244 -0.00126081    0.617602,    -0.012141 -0.000997868     0.617359,   -0.0125754 -0.000911126     0.617538, 
65, -0.000771305  0.000146641     0.621186, 4.59611e-309 4.67456e-309     0.622451,  -0.00280498 -5.26022e-05      0.62059,  -0.00297315 -0.000447087     0.620377,  -0.00355494 -0.000231201     0.620095,  -0.00445658 -0.000825697     0.619716,  -0.00518618 -0.000821254     0.619399, -0.00601281 -0.00112084    0.619085, -0.00679423 -0.00124351    0.618801, -0.00759664 -0.00139326    0.618536, -0.00841328 -0.00146652    0.618288, -0.00926547 -0.00148478    0.618054,  -0.0101629 -0.00142137    0.617828,  -0.0111244 -0.00126081    0.617602,    -0.012141 -0.000997868     0.617359,   -0.0125754 -0.000911126     0.617538, 
70, -0.000951793  0.000215087     0.621118, 4.59611e-309 4.67456e-309     0.622451,  -0.00280498 -5.26022e-05      0.62059,  -0.00297315 -0.000447087     0.620377,  -0.00355494 -0.000231201     0.620095,  -0.00445658 -0.000825697     0.619716,  -0.00518618 -0.000821254     0.619399, -0.00601281 -0.00112084    0.619085, -0.00679423 -0.00124351    0.618801, -0.00759664 -0.00139326    0.618536, -0.00841328 -0.00146652    0.618288, -0.00926547 -0.00148478    0.618054,  -0.0101629 -0.00142137    0.617828,  -0.0111244 -0.00126081    0.617602,    -0.012141 -0.000997868     0.617359,   -0.0125754 -0.000911126     0.617538, 
75, -0.00113256 0.000292826    0.621056, 4.59611e-309 4.67456e-309     0.622451,  -0.00280498 -5.26022e-05      0.62059,  -0.00297315 -0.000447087     0.620377,  -0.00355494 -0.000231201     0.620095,  -0.00445658 -0.000825697     0.619716,  -0.00518618 -0.000821254     0.619399, -0.00601281 -0.00112084    0.619085, -0.00679423 -0.00124351    0.618801, -0.00759664 -0.00139326    0.618536, -0.00841328 -0.00146652    0.618288, -0.00926547 -0.00148478    0.618054,  -0.0101629 -0.00142137    0.617828,  -0.0111244 -0.00126081    0.617602,    -0.012141 -0.000997868     0.617359,   -0.0125754 -0.000911126     0.617538, 
80, -0.00131522 0.000380326       0.621, 4.59611e-309 4.67456e-309     0.622451,  -0.00280498 -5.26022e-05      0.62059,  -0.00297315 -0.000447087     0.620377,  -0.00355494 -0.000231201     0.620095,  -0.00445658 -0.000825697     0.619716,  -0.00518618 -0.000821254     0.619399, -0.00601281 -0.00112084    0.619085, -0.00679423 -0.00124351    0.618801, -0.00759664 -0.00139326    0.618536, -0.00841328 -0.00146652    0.618288, -0.00926547 -0.00148478    0.618054,  -0.0101629 -0.00142137    0.617828,  -0.0111244 -0.00126081    0.617602,    -0.012141 -0.000997868     0.617359,   -0.0125754 -0.000911126     0.617538, 
85, -0.00150161 0.000477861     0.62095, 4.59611e-309 4.67456e-309     0.622451,  -0.00280498 -5.26022e-05      0.62059,  -0.00297315 -0.000447087     0.620377,  -0.00355494 -0.000231201     0.620095,  -0.00445658 -0.000825697     0.619716,  -0.00518618 -0.000821254     0.619399, -0.00601281 -0.00112084    0.619085, -0.00679423 -0.00124351    0.618801, -0.00759664 -0.00139326    0.618536, -0.00841328 -0.00146652    0.618288, -0.00926547 -0.00148478    0.618054,  -0.0101629 -0.00142137    0.617828,  -0.0111244 -0.00126081    0.617602,    -0.012141 -0.000997868     0.617359,   -0.0125754 -0.000911126     0.617538, 
90, -0.00169378 0.000585658    0.620905, 4.59611e-309 4.67456e-309     0.622451,  -0.00280498 -5.26022e-05      0.62059,  -0.00297315 -0.000447087     0.620377,  -0.00355494 -0.000231201     0.620095,  -0.00445658 -0.000825697     0.619716,  -0.00518618 -0.000821254     0.619399, -0.00601281 -0.00112084    0.619085, -0.00679423 -0.00124351    0.618801, -0.00759664 -0.00139326    0.618536, -0.00841328 -0.00146652    0.618288, -0.00926547 -0.00148478    0.618054,  -0.0101629 -0.00142137    0.617828,  -0.0111244 -0.00126081    0.617602,    -0.012141 -0.000997868     0.617359,   -0.0125754 -0.000911126     0.617538, 
95, -0.00189404 0.000703995    0.620866, 4.59611e-309 4.67456e-309     0.622451,  -0.00280498 -5.26022e-05      0.62059,  -0.00297315 -0.000447087     0.620377,  -0.00355494 -0.000231201     0.620095,  -0.00445658 -0.000825697     0.619716,  -0.00518618 -0.000821254     0.619399, -0.00601281 -0.00112084    0.619085, -0.00679423 -0.00124351    0.618801, -0.00759664 -0.00139326    0.618536, -0.00841328 -0.00146652    0.618288, -0.00926547 -0.00148478    0.618054,  -0.0101629 -0.00142137    0.617828,  -0.0111244 -0.00126081    0.617602,    -0.012141 -0.000997868     0.617359,   -0.0125754 -0.000911126     0.617538, 
100,  -0.0020962 0.000830449    0.620831, 4.90774e-309  4.9862e-309     0.622451, -0.00287238 0.000244319    0.620523,  -0.0029658 -0.00023873    0.620377, -0.00362385 7.61019e-05    0.620103,  -0.00455578 -0.000569787     0.619776,  -0.00540087 -0.000459522       0.6195,  -0.00630812 -0.000715546     0.619234,  -0.00717997 -0.000766168     0.618998,  -0.00805843 -0.000867877     0.618779, -0.00893628 -0.00090934    0.618576, -0.00982409 -0.00092674    0.618382,   -0.0107236 -0.000898465     0.618193,   -0.0116406 -0.000820275        0.618,   -0.0125614 -0.000688345     0.617791,   -0.0129734 -0.000637745      0.61801, 
105, -0.00229709 0.000963573      0.6208, 4.90774e-309  4.9862e-309     0.622451, -0.00287238 0.000244319    0.620523,  -0.0029658 -0.00023873    0.620377, -0.00362385 7.61019e-05    0.620103,  -0.00455578 -0.000569787     0.619776,  -0.00540087 -0.000459522       0.6195,  -0.00630812 -0.000715546     0.619234,  -0.00717997 -0.000766168     0.618998,  -0.00805843 -0.000867877     0.618779, -0.00893628 -0.00090934    0.618576, -0.00982409 -0.00092674    0.618382,   -0.0107236 -0.000898465     0.618193,   -0.0116406 -0.000820275        0.618,   -0.0125614 -0.000688345     0.617791,   -0.0129734 -0.000637745      0.61801, 
110, -0.0024917 0.00109913   0.620771, 5.21938e-309 5.29783e-309     0.622451, -0.00289335 0.000251004    0.620475,  -0.00299158 -0.000197052     0.620356,  -0.0036064 0.000142194    0.620073,  -0.00449811 -0.000472218     0.619743,  -0.00534223 -0.000297487      0.61945,  -0.00623318 -0.000504131      0.61917,    -0.007092 -0.000496996     0.618918,  -0.00794869 -0.000552939     0.618681,  -0.00879559 -0.000558405     0.618457,  -0.00963851 -0.000557338     0.618241,   -0.0104759 -0.000531435     0.618027,   -0.0113077 -0.000483174     0.617808,   -0.0121198 -0.000410088     0.617575,   -0.0124863 -0.000369091     0.617782, 
115, -0.00267758  0.00123445    0.620743, 5.21938e-309 5.29783e-309     0.622451, -0.00289335 0.000251004    0.620475,  -0.00299158 -0.000197052     0.620356,  -0.0036064 0.000142194    0.620073,  -0.00449811 -0.000472218     0.619743,  -0.00534223 -0.000297487      0.61945,  -0.00623318 -0.000504131      0.61917,    -0.007092 -0.000496996     0.618918,  -0.00794869 -0.000552939     0.618681,  -0.00879559 -0.000558405     0.618457,  -0.00963851 -0.000557338     0.618241,   -0.0104759 -0.000531435     0.618027,   -0.0113077 -0.000483174     0.617808,   -0.0121198 -0.000410088     0.617575,   -0.0124863 -0.000369091     0.617782, 
120, -0.00285733  0.00136996    0.620718, 5.21938e-309 5.29783e-309     0.622451, -0.00289335 0.000251004    0.620475,  -0.00299158 -0.000197052     0.620356,  -0.0036064 0.000142194    0.620073,  -0.00449811 -0.000472218     0.619743,  -0.00534223 -0.000297487      0.61945,  -0.00623318 -0.000504131      0.61917,    -0.007092 -0.000496996     0.618918,  -0.00794869 -0.000552939     0.618681,  -0.00879559 -0.000558405     0.618457,  -0.00963851 -0.000557338     0.618241,   -0.0104759 -0.000531435     0.618027,   -0.0113077 -0.000483174     0.617808,   -0.0121198 -0.000410088     0.617575,   -0.0124863 -0.000369091     0.617782, 
125, -0.00303352  0.00150603    0.620694, 5.21938e-309 5.29783e-309     0.622451, -0.00289335 0.000251004    0.620475,  -0.00299158 -0.000197052     0.620356,  -0.0036064 0.000142194    0.620073,  -0.00449811 -0.000472218     0.619743,  -0.00534223 -0.000297487      0.61945,  -0.00623318 -0.000504131      0.61917,    -0.007092 -0.000496996     0.618918,  -0.00794869 -0.000552939     0.618681,  -0.00879559 -0.000558405     0.618457,  -0.00963851 -0.000557338     0.618241,   -0.0104759 -0.000531435     0.618027,   -0.0113077 -0.000483174     0.617808,   -0.0121198 -0.000410088     0.617575,   -0.0124863 -0.000369091     0.617782, 
130, -0.00320874  0.00164303    0.620674, 5.21938e-309 5.29783e-309     0.622451, -0.00289335 0.000251004    0.620475,  -0.00299158 -0.000197052     0.620356,  -0.0036064 0.000142194    0.620073,  -0.00449811 -0.000472218     0.619743,  -0.00534223 -0.000297487      0.61945,  -0.00623318 -0.000504131      0.61917,    -0.007092 -0.000496996     0.618918,  -0.00794869 -0.000552939     0.618681,  -0.00879559 -0.000558405     0.618457,  -0.00963851 -0.000557338     0.618241,   -0.0104759 -0.000531435     0.618027,   -0.0113077 -0.000483174     0.617808,   -0.0121198 -0.000410088     0.617575,   -0.0124863 -0.000369091     0.617782, 
135, -0.00338559  0.00178129    0.620655, 5.21938e-309 5.29783e-309     0.622451, -0.00289335 0.000251004    0.620475,  -0.00299158 -0.000197052     0.620356,  -0.0036064 0.000142194    0.620073,  -0.00449811 -0.000472218     0.619743,  -0.00534223 -0.000297487      0.61945,  -0.00623318 -0.000504131      0.61917,    -0.007092 -0.000496996     0.618918,  -0.00794869 -0.000552939     0.618681,  -0.00879559 -0.000558405     0.618457,  -0.00963851 -0.000557338     0.618241,   -0.0104759 -0.000531435     0.618027,   -0.0113077 -0.000483174     0.617808,   -0.0121198 -0.000410088     0.617575,   -0.0124863 -0.000369091     0.617782, 
140, -0.00356673  0.00192113     0.62064, 5.21938e-309 5.29783e-309     0.622451, -0.00289335 0.000251004    0.620475,  -0.00299158 -0.000197052     0.620356,  -0.0036064 0.000142194    0.620073,  -0.00449811 -0.000472218     0.619743,  -0.00534223 -0.000297487      0.61945,  -0.00623318 -0.000504131      0.61917,    -0.007092 -0.000496996     0.618918,  -0.00794869 -0.000552939     0.618681,  -0.00879559 -0.000558405     0.618457,  -0.00963851 -0.000557338     0.618241,   -0.0104759 -0.000531435     0.618027,   -0.0113077 -0.000483174     0.617808,   -0.0121198 -0.000410088     0.617575,   -0.0124863 -0.000369091     0.617782, 
145, -0.00375492  0.00206287    0.620629, 5.21938e-309 5.29783e-309     0.622451, -0.00289335 0.000251004    0.620475,  -0.00299158 -0.000197052     0.620356,  -0.0036064 0.000142194    0.620073,  -0.00449811 -0.000472218     0.619743,  -0.00534223 -0.000297487      0.61945,  -0.00623318 -0.000504131      0.61917,    -0.007092 -0.000496996     0.618918,  -0.00794869 -0.000552939     0.618681,  -0.00879559 -0.000558405     0.618457,  -0.00963851 -0.000557338     0.618241,   -0.0104759 -0.000531435     0.618027,   -0.0113077 -0.000483174     0.617808,   -0.0121198 -0.000410088     0.617575,   -0.0124863 -0.000369091     0.617782, 
150, -0.00395303  0.00220679    0.620621, 5.21938e-309 5.29783e-309     0.622451, -0.00289335 0.000251004    0.620475,  -0.00299158 -0.000197052     0.620356,  -0.0036064 0.000142194    0.620073,  -0.00449811 -0.000472218     0.619743,  -0.00534223 -0.000297487      0.61945,  -0.00623318 -0.000504131      0.61917,    -0.007092 -0.000496996     0.618918,  -0.00794869 -0.000552939     0.618681,  -0.00879559 -0.000558405     0.618457,  -0.00963851 -0.000557338     0.618241,   -0.0104759 -0.000531435     0.618027,   -0.0113077 -0.000483174     0.617808,   -0.0121198 -0.000410088     0.617575,   -0.0124863 -0.000369091     0.617782, 
155, -0.00416412  0.00235318    0.620618, 5.21938e-309 5.29783e-309     0.622451, -0.00289335 0.000251004    0.620475,  -0.00299158 -0.000197052     0.620356,  -0.0036064 0.000142194    0.620073,  -0.00449811 -0.000472218     0.619743,  -0.00534223 -0.000297487      0.61945,  -0.00623318 -0.000504131      0.61917,    -0.007092 -0.000496996     0.618918,  -0.00794869 -0.000552939     0.618681,  -0.00879559 -0.000558405     0.618457,  -0.00963851 -0.000557338     0.618241,   -0.0104759 -0.000531435     0.618027,   -0.0113077 -0.000483174     0.617808,   -0.0121198 -0.000410088     0.617575,   -0.0124863 -0.000369091     0.617782, 
160, -0.00439145  0.00250232    0.620619, 5.21938e-309 5.29783e-309     0.622451, -0.00289335 0.000251004    0.620475,  -0.00299158 -0.000197052     0.620356,  -0.0036064 0.000142194    0.620073,  -0.00449811 -0.000472218     0.619743,  -0.00534223 -0.000297487      0.61945,  -0.00623318 -0.000504131      0.61917,    -0.007092 -0.000496996     0.618918,  -0.00794869 -0.000552939     0.618681,  -0.00879559 -0.000558405     0.618457,  -0.00963851 -0.000557338     0.618241,   -0.0104759 -0.000531435     0.618027,   -0.0113077 -0.000483174     0.617808,   -0.0121198 -0.000410088     0.617575,   -0.0124863 -0.000369091     0.617782, 
165, -0.00463851   0.0026545    0.620626, 5.21938e-309 5.29783e-309     0.622451, -0.00289335 0.000251004    0.620475,  -0.00299158 -0.000197052     0.620356,  -0.0036064 0.000142194    0.620073,  -0.00449811 -0.000472218     0.619743,  -0.00534223 -0.000297487      0.61945,  -0.00623318 -0.000504131      0.61917,    -0.007092 -0.000496996     0.618918,  -0.00794869 -0.000552939     0.618681,  -0.00879559 -0.000558405     0.618457,  -0.00963851 -0.000557338     0.618241,   -0.0104759 -0.000531435     0.618027,   -0.0113077 -0.000483174     0.617808,   -0.0121198 -0.000410088     0.617575,   -0.0124863 -0.000369091     0.617782, 
170, -0.00490912  0.00280999    0.620639, 5.21938e-309 5.29783e-309     0.622451, -0.00289335 0.000251004    0.620475,  -0.00299158 -0.000197052     0.620356,  -0.0036064 0.000142194    0.620073,  -0.00449811 -0.000472218     0.619743,  -0.00534223 -0.000297487      0.61945,  -0.00623318 -0.000504131      0.61917,    -0.007092 -0.000496996     0.618918,  -0.00794869 -0.000552939     0.618681,  -0.00879559 -0.000558405     0.618457,  -0.00963851 -0.000557338     0.618241,   -0.0104759 -0.000531435     0.618027,   -0.0113077 -0.000483174     0.617808,   -0.0121198 -0.000410088     0.617575,   -0.0124863 -0.000369091     0.617782, 
175, -0.00520739  0.00296905    0.620658, 5.21938e-309 5.29783e-309     0.622451, -0.00289335 0.000251004    0.620475,  -0.00299158 -0.000197052     0.620356,  -0.0036064 0.000142194    0.620073,  -0.00449811 -0.000472218     0.619743,  -0.00534223 -0.000297487      0.61945,  -0.00623318 -0.000504131      0.61917,    -0.007092 -0.000496996     0.618918,  -0.00794869 -0.000552939     0.618681,  -0.00879559 -0.000558405     0.618457,  -0.00963851 -0.000557338     0.618241,   -0.0104759 -0.000531435     0.618027,   -0.0113077 -0.000483174     0.617808,   -0.0121198 -0.000410088     0.617575,   -0.0124863 -0.000369091     0.617782, 
180, -0.00553785  0.00313196    0.620685, 5.21938e-309 5.29783e-309     0.622451, -0.00289335 0.000251004    0.620475,  -0.00299158 -0.000197052     0.620356,  -0.0036064 0.000142194    0.620073,  -0.00449811 -0.000472218     0.619743,  -0.00534223 -0.000297487      0.61945,  -0.00623318 -0.000504131      0.61917,    -0.007092 -0.000496996     0.618918,  -0.00794869 -0.000552939     0.618681,  -0.00879559 -0.000558405     0.618457,  -0.00963851 -0.000557338     0.618241,   -0.0104759 -0.000531435     0.618027,   -0.0113077 -0.000483174     0.617808,   -0.0121198 -0.000410088     0.617575,   -0.0124863 -0.000369091     0.617782, 
185, -0.00590543  0.00329898     0.62072, 5.21938e-309 5.29783e-309     0.622451, -0.00289335 0.000251004    0.620475,  -0.00299158 -0.000197052     0.620356,  -0.0036064 0.000142194    0.620073,  -0.00449811 -0.000472218     0.619743,  -0.00534223 -0.000297487      0.61945,  -0.00623318 -0.000504131      0.61917,    -0.007092 -0.000496996     0.618918,  -0.00794869 -0.000552939     0.618681,  -0.00879559 -0.000558405     0.618457,  -0.00963851 -0.000557338     0.618241,   -0.0104759 -0.000531435     0.618027,   -0.0113077 -0.000483174     0.617808,   -0.0121198 -0.000410088     0.617575,   -0.0124863 -0.000369091     0.617782, 
190, -0.00631545  0.00346858    0.620765, 5.21938e-309 5.29783e-309     0.622451, -0.00289335 0.000251004    0.620475,  -0.00299158 -0.000197052     0.620356,  -0.0036064 0.000142194    0.620073,  -0.00449811 -0.000472218     0.619743,  -0.00534223 -0.000297487      0.61945,  -0.00623318 -0.000504131      0.61917,    -0.007092 -0.000496996     0.618918,  -0.00794869 -0.000552939     0.618681,  -0.00879559 -0.000558405     0.618457,  -0.00963851 -0.000557338     0.618241,   -0.0104759 -0.000531435     0.618027,   -0.0113077 -0.000483174     0.617808,   -0.0121198 -0.000410088     0.617575,   -0.0124863 -0.000369091     0.617782, 
195, -0.00677324  0.00363194     0.62082, 5.21938e-309 5.29783e-309     0.622451, -0.00289335 0.000251004    0.620475,  -0.00299158 -0.000197052     0.620356,  -0.0036064 0.000142194    0.620073,  -0.00449811 -0.000472218     0.619743,  -0.00534223 -0.000297487      0.61945,  -0.00623318 -0.000504131      0.61917,    -0.007092 -0.000496996     0.618918,  -0.00794869 -0.000552939     0.618681,  -0.00879559 -0.000558405     0.618457,  -0.00963851 -0.000557338     0.618241,   -0.0104759 -0.000531435     0.618027,   -0.0113077 -0.000483174     0.617808,   -0.0121198 -0.000410088     0.617575,   -0.0124863 -0.000369091     0.617782, 
200, -0.00728491  0.00379214    0.620887, 5.21938e-309 5.29783e-309     0.622451, -0.00289335 0.000251004    0.620475,  -0.00299158 -0.000197052     0.620356,  -0.0036064 0.000142194    0.620073,  -0.00449811 -0.000472218     0.619743,  -0.00534223 -0.000297487      0.61945,  -0.00623318 -0.000504131      0.61917,    -0.007092 -0.000496996     0.618918,  -0.00794869 -0.000552939     0.618681,  -0.00879559 -0.000558405     0.618457,  -0.00963851 -0.000557338     0.618241,   -0.0104759 -0.000531435     0.618027,   -0.0113077 -0.000483174     0.617808,   -0.0121198 -0.000410088     0.617575,   -0.0124863 -0.000369091     0.617782, 
205, -0.00785729   0.0039528    0.620966, 5.21938e-309 5.29783e-309     0.622451, -0.00289335 0.000251004    0.620475,  -0.00299158 -0.000197052     0.620356,  -0.0036064 0.000142194    0.620073,  -0.00449811 -0.000472218     0.619743,  -0.00534223 -0.000297487      0.61945,  -0.00623318 -0.000504131      0.61917,    -0.007092 -0.000496996     0.618918,  -0.00794869 -0.000552939     0.618681,  -0.00879559 -0.000558405     0.618457,  -0.00963851 -0.000557338     0.618241,   -0.0104759 -0.000531435     0.618027,   -0.0113077 -0.000483174     0.617808,   -0.0121198 -0.000410088     0.617575,   -0.0124863 -0.000369091     0.617782, 
210, -0.00849774  0.00411629     0.62106, 5.21938e-309 5.29783e-309     0.622451, -0.00289335 0.000251004    0.620475,  -0.00299158 -0.000197052     0.620356,  -0.0036064 0.000142194    0.620073,  -0.00449811 -0.000472218     0.619743,  -0.00534223 -0.000297487      0.61945,  -0.00623318 -0.000504131      0.61917,    -0.007092 -0.000496996     0.618918,  -0.00794869 -0.000552939     0.618681,  -0.00879559 -0.000558405     0.618457,  -0.00963851 -0.000557338     0.618241,   -0.0104759 -0.000531435     0.618027,   -0.0113077 -0.000483174     0.617808,   -0.0121198 -0.000410088     0.617575,   -0.0124863 -0.000369091     0.617782, 
215, -0.00921393  0.00428406    0.621171, 5.21938e-309 5.29783e-309     0.622451, -0.00289335 0.000251004    0.620475,  -0.00299158 -0.000197052     0.620356,  -0.0036064 0.000142194    0.620073,  -0.00449811 -0.000472218     0.619743,  -0.00534223 -0.000297487      0.61945,  -0.00623318 -0.000504131      0.61917,    -0.007092 -0.000496996     0.618918,  -0.00794869 -0.000552939     0.618681,  -0.00879559 -0.000558405     0.618457,  -0.00963851 -0.000557338     0.618241,   -0.0104759 -0.000531435     0.618027,   -0.0113077 -0.000483174     0.617808,   -0.0121198 -0.000410088     0.617575,   -0.0124863 -0.000369091     0.617782, 
220, -0.0100136 0.00445714   0.621301, 5.21938e-309 5.29783e-309     0.622451, -0.00289335 0.000251004    0.620475,  -0.00299158 -0.000197052     0.620356,  -0.0036064 0.000142194    0.620073,  -0.00449811 -0.000472218     0.619743,  -0.00534223 -0.000297487      0.61945,  -0.00623318 -0.000504131      0.61917,    -0.007092 -0.000496996     0.618918,  -0.00794869 -0.000552939     0.618681,  -0.00879559 -0.000558405     0.618457,  -0.00963851 -0.000557338     0.618241,   -0.0104759 -0.000531435     0.618027,   -0.0113077 -0.000483174     0.617808,   -0.0121198 -0.000410088     0.617575,   -0.0124863 -0.000369091     0.617782, 
225, -0.0109045 0.00463612   0.621451, 5.21938e-309 5.29783e-309     0.622451, -0.00289335 0.000251004    0.620475,  -0.00299158 -0.000197052     0.620356,  -0.0036064 0.000142194    0.620073,  -0.00449811 -0.000472218     0.619743,  -0.00534223 -0.000297487      0.61945,  -0.00623318 -0.000504131      0.61917,    -0.007092 -0.000496996     0.618918,  -0.00794869 -0.000552939     0.618681,  -0.00879559 -0.000558405     0.618457,  -0.00963851 -0.000557338     0.618241,   -0.0104759 -0.000531435     0.618027,   -0.0113077 -0.000483174     0.617808,   -0.0121198 -0.000410088     0.617575,   -0.0124863 -0.000369091     0.617782, 
230, -0.0118937 0.00482131   0.621624, 5.21938e-309 5.29783e-309     0.622451, -0.00289335 0.000251004    0.620475,  -0.00299158 -0.000197052     0.620356,  -0.0036064 0.000142194    0.620073,  -0.00449811 -0.000472218     0.619743,  -0.00534223 -0.000297487      0.61945,  -0.00623318 -0.000504131      0.61917,    -0.007092 -0.000496996     0.618918,  -0.00794869 -0.000552939     0.618681,  -0.00879559 -0.000558405     0.618457,  -0.00963851 -0.000557338     0.618241,   -0.0104759 -0.000531435     0.618027,   -0.0113077 -0.000483174     0.617808,   -0.0121198 -0.000410088     0.617575,   -0.0124863 -0.000369091     0.617782, 
235, -0.0129873 0.00501263   0.621822, 5.21938e-309 5.29783e-309     0.622451, -0.00289335 0.000251004    0.620475,  -0.00299158 -0.000197052     0.620356,  -0.0036064 0.000142194    0.620073,  -0.00449811 -0.000472218     0.619743,  -0.00534223 -0.000297487      0.61945,  -0.00623318 -0.000504131      0.61917,    -0.007092 -0.000496996     0.618918,  -0.00794869 -0.000552939     0.618681,  -0.00879559 -0.000558405     0.618457,  -0.00963851 -0.000557338     0.618241,   -0.0104759 -0.000531435     0.618027,   -0.0113077 -0.000483174     0.617808,   -0.0121198 -0.000410088     0.617575,   -0.0124863 -0.000369091     0.617782, 
240,   -0.01419 0.00520972   0.622047, 5.21938e-309 5.29783e-309     0.622451, -0.00289335 0.000251004    0.620475,  -0.00299158 -0.000197052     0.620356,  -0.0036064 0.000142194    0.620073,  -0.00449811 -0.000472218     0.619743,  -0.00534223 -0.000297487      0.61945,  -0.00623318 -0.000504131      0.61917,    -0.007092 -0.000496996     0.618918,  -0.00794869 -0.000552939     0.618681,  -0.00879559 -0.000558405     0.618457,  -0.00963851 -0.000557338     0.618241,   -0.0104759 -0.000531435     0.618027,   -0.0113077 -0.000483174     0.617808,   -0.0121198 -0.000410088     0.617575,   -0.0124863 -0.000369091     0.617782, 
245, -0.0155043 0.00541197     0.6223, 5.21938e-309 5.29783e-309     0.622451, -0.00289335 0.000251004    0.620475,  -0.00299158 -0.000197052     0.620356,  -0.0036064 0.000142194    0.620073,  -0.00449811 -0.000472218     0.619743,  -0.00534223 -0.000297487      0.61945,  -0.00623318 -0.000504131      0.61917,    -0.007092 -0.000496996     0.618918,  -0.00794869 -0.000552939     0.618681,  -0.00879559 -0.000558405     0.618457,  -0.00963851 -0.000557338     0.618241,   -0.0104759 -0.000531435     0.618027,   -0.0113077 -0.000483174     0.617808,   -0.0121198 -0.000410088     0.617575,   -0.0124863 -0.000369091     0.617782, 
250, -0.0169296 0.00561805   0.622582, 5.21938e-309 5.29783e-309     0.622451, -0.00289335 0.000251004    0.620475,  -0.00299158 -0.000197052     0.620356,  -0.0036064 0.000142194    0.620073,  -0.00449811 -0.000472218     0.619743,  -0.00534223 -0.000297487      0.61945,  -0.00623318 -0.000504131      0.61917,    -0.007092 -0.000496996     0.618918,  -0.00794869 -0.000552939     0.618681,  -0.00879559 -0.000558405     0.618457,  -0.00963851 -0.000557338     0.618241,   -0.0104759 -0.000531435     0.618027,   -0.0113077 -0.000483174     0.617808,   -0.0121198 -0.000410088     0.617575,   -0.0124863 -0.000369091     0.617782, 
255,  -0.018463 0.00582489   0.622893, 5.21938e-309 5.29783e-309     0.622451, -0.00289335 0.000251004    0.620475,  -0.00299158 -0.000197052     0.620356,  -0.0036064 0.000142194    0.620073,  -0.00449811 -0.000472218     0.619743,  -0.00534223 -0.000297487      0.61945,  -0.00623318 -0.000504131      0.61917,    -0.007092 -0.000496996     0.618918,  -0.00794869 -0.000552939     0.618681,  -0.00879559 -0.000558405     0.618457,  -0.00963851 -0.000557338     0.618241,   -0.0104759 -0.000531435     0.618027,   -0.0113077 -0.000483174     0.617808,   -0.0121198 -0.000410088     0.617575,   -0.0124863 -0.000369091     0.617782, 
260, -0.0200976 0.00603241   0.623232, 5.21938e-309 5.29783e-309     0.622451, -0.00289335 0.000251004    0.620475,  -0.00299158 -0.000197052     0.620356,  -0.0036064 0.000142194    0.620073,  -0.00449811 -0.000472218     0.619743,  -0.00534223 -0.000297487      0.61945,  -0.00623318 -0.000504131      0.61917,    -0.007092 -0.000496996     0.618918,  -0.00794869 -0.000552939     0.618681,  -0.00879559 -0.000558405     0.618457,  -0.00963851 -0.000557338     0.618241,   -0.0104759 -0.000531435     0.618027,   -0.0113077 -0.000483174     0.617808,   -0.0121198 -0.000410088     0.617575,   -0.0124863 -0.000369091     0.617782, 
265,  -0.021804 0.00622436   0.623585, 5.21938e-309 5.29783e-309     0.622451, -0.00289335 0.000251004    0.620475,  -0.00299158 -0.000197052     0.620356,  -0.0036064 0.000142194    0.620073,  -0.00449811 -0.000472218     0.619743,  -0.00534223 -0.000297487      0.61945,  -0.00623318 -0.000504131      0.61917,    -0.007092 -0.000496996     0.618918,  -0.00794869 -0.000552939     0.618681,  -0.00879559 -0.000558405     0.618457,  -0.00963851 -0.000557338     0.618241,   -0.0104759 -0.000531435     0.618027,   -0.0113077 -0.000483174     0.617808,   -0.0121198 -0.000410088     0.617575,   -0.0124863 -0.000369091     0.617782, 
270,  -0.023448 0.00641608   0.623938, 5.21938e-309 5.29783e-309     0.622451, -0.00289335 0.000251004    0.620475,  -0.00299158 -0.000197052     0.620356,  -0.0036064 0.000142194    0.620073,  -0.00449811 -0.000472218     0.619743,  -0.00534223 -0.000297487      0.61945,  -0.00623318 -0.000504131      0.61917,    -0.007092 -0.000496996     0.618918,  -0.00794869 -0.000552939     0.618681,  -0.00879559 -0.000558405     0.618457,  -0.00963851 -0.000557338     0.618241,   -0.0104759 -0.000531435     0.618027,   -0.0113077 -0.000483174     0.617808,   -0.0121198 -0.000410088     0.617575,   -0.0124863 -0.000369091     0.617782, 
275, -0.0243187 0.00670009   0.624178, 5.21938e-309 5.29783e-309     0.622451, -0.00289335 0.000251004    0.620475,  -0.00299158 -0.000197052     0.620356,  -0.0036064 0.000142194    0.620073,  -0.00449811 -0.000472218     0.619743,  -0.00534223 -0.000297487      0.61945,  -0.00623318 -0.000504131      0.61917,    -0.007092 -0.000496996     0.618918,  -0.00794869 -0.000552939     0.618681,  -0.00879559 -0.000558405     0.618457,  -0.00963851 -0.000557338     0.618241,   -0.0104759 -0.000531435     0.618027,   -0.0113077 -0.000483174     0.617808,   -0.0121198 -0.000410088     0.617575,   -0.0124863 -0.000369091     0.617782, 
280, -0.0246162  0.0070473    0.62436, 5.21938e-309 5.29783e-309     0.622451, -0.00289335 0.000251004    0.620475,  -0.00299158 -0.000197052     0.620356,  -0.0036064 0.000142194    0.620073,  -0.00449811 -0.000472218     0.619743,  -0.00534223 -0.000297487      0.61945,  -0.00623318 -0.000504131      0.61917,    -0.007092 -0.000496996     0.618918,  -0.00794869 -0.000552939     0.618681,  -0.00879559 -0.000558405     0.618457,  -0.00963851 -0.000557338     0.618241,   -0.0104759 -0.000531435     0.618027,   -0.0113077 -0.000483174     0.617808,   -0.0121198 -0.000410088     0.617575,   -0.0124863 -0.000369091     0.617782, 
285, -0.0245368 0.00744387   0.624517, 5.21938e-309 5.29783e-309     0.622451, -0.00289335 0.000251004    0.620475,  -0.00299158 -0.000197052     0.620356,  -0.0036064 0.000142194    0.620073,  -0.00449811 -0.000472218     0.619743,  -0.00534223 -0.000297487      0.61945,  -0.00623318 -0.000504131      0.61917,    -0.007092 -0.000496996     0.618918,  -0.00794869 -0.000552939     0.618681,  -0.00879559 -0.000558405     0.618457,  -0.00963851 -0.000557338     0.618241,   -0.0104759 -0.000531435     0.618027,   -0.0113077 -0.000483174     0.617808,   -0.0121198 -0.000410088     0.617575,   -0.0124863 -0.000369091     0.617782, 
290, -0.0242066 0.00788258   0.624669, 5.21938e-309 5.29783e-309     0.622451, -0.00289335 0.000251004    0.620475,  -0.00299158 -0.000197052     0.620356,  -0.0036064 0.000142194    0.620073,  -0.00449811 -0.000472218     0.619743,  -0.00534223 -0.000297487      0.61945,  -0.00623318 -0.000504131      0.61917,    -0.007092 -0.000496996     0.618918,  -0.00794869 -0.000552939     0.618681,  -0.00879559 -0.000558405     0.618457,  -0.00963851 -0.000557338     0.618241,   -0.0104759 -0.000531435     0.618027,   -0.0113077 -0.000483174     0.617808,   -0.0121198 -0.000410088     0.617575,   -0.0124863 -0.000369091     0.617782, 
295, -0.0237085 0.00835925   0.624826, 5.21938e-309 5.29783e-309     0.622451, -0.00289335 0.000251004    0.620475,  -0.00299158 -0.000197052     0.620356,  -0.0036064 0.000142194    0.620073,  -0.00449811 -0.000472218     0.619743,  -0.00534223 -0.000297487      0.61945,  -0.00623318 -0.000504131      0.61917,    -0.007092 -0.000496996     0.618918,  -0.00794869 -0.000552939     0.618681,  -0.00879559 -0.000558405     0.618457,  -0.00963851 -0.000557338     0.618241,   -0.0104759 -0.000531435     0.618027,   -0.0113077 -0.000483174     0.617808,   -0.0121198 -0.000410088     0.617575,   -0.0124863 -0.000369091     0.617782, 
300, -0.0230963 0.00887167   0.624996, 5.21938e-309 5.29783e-309     0.622451, -0.00289335 0.000251004    0.620475,  -0.00299158 -0.000197052     0.620356,  -0.0036064 0.000142194    0.620073,  -0.00449811 -0.000472218     0.619743,  -0.00534223 -0.000297487      0.61945,  -0.00623318 -0.000504131      0.61917,    -0.007092 -0.000496996     0.618918,  -0.00794869 -0.000552939     0.618681,  -0.00879559 -0.000558405     0.618457,  -0.00963851 -0.000557338     0.618241,   -0.0104759 -0.000531435     0.618027,   -0.0113077 -0.000483174     0.617808,   -0.0121198 -0.000410088     0.617575,   -0.0124863 -0.000369091     0.617782, 
305, -0.0224041  0.0094188   0.625182, 5.21938e-309 5.29783e-309     0.622451, -0.00289335 0.000251004    0.620475,  -0.00299158 -0.000197052     0.620356,  -0.0036064 0.000142194    0.620073,  -0.00449811 -0.000472218     0.619743,  -0.00534223 -0.000297487      0.61945,  -0.00623318 -0.000504131      0.61917,    -0.007092 -0.000496996     0.618918,  -0.00794869 -0.000552939     0.618681,  -0.00879559 -0.000558405     0.618457,  -0.00963851 -0.000557338     0.618241,   -0.0104759 -0.000531435     0.618027,   -0.0113077 -0.000483174     0.617808,   -0.0121198 -0.000410088     0.617575,   -0.0124863 -0.000369091     0.617782, 
310, -0.0216508 0.00999546   0.625387, 5.21938e-309 5.29783e-309     0.622451, -0.00289335 0.000251004    0.620475,  -0.00299158 -0.000197052     0.620356,  -0.0036064 0.000142194    0.620073,  -0.00449811 -0.000472218     0.619743,  -0.00534223 -0.000297487      0.61945,  -0.00623318 -0.000504131      0.61917,    -0.007092 -0.000496996     0.618918,  -0.00794869 -0.000552939     0.618681,  -0.00879559 -0.000558405     0.618457,  -0.00963851 -0.000557338     0.618241,   -0.0104759 -0.000531435     0.618027,   -0.0113077 -0.000483174     0.617808,   -0.0121198 -0.000410088     0.617575,   -0.0124863 -0.000369091     0.617782, 
315, -0.020838 0.0105744  0.625613, 5.21938e-309 5.29783e-309     0.622451, -0.00289335 0.000251004    0.620475,  -0.00299158 -0.000197052     0.620356,  -0.0036064 0.000142194    0.620073,  -0.00449811 -0.000472218     0.619743,  -0.00534223 -0.000297487      0.61945,  -0.00623318 -0.000504131      0.61917,    -0.007092 -0.000496996     0.618918,  -0.00794869 -0.000552939     0.618681,  -0.00879559 -0.000558405     0.618457,  -0.00963851 -0.000557338     0.618241,   -0.0104759 -0.000531435     0.618027,   -0.0113077 -0.000483174     0.617808,   -0.0121198 -0.000410088     0.617575,   -0.0124863 -0.000369091     0.617782, 
320, -0.0199729  0.0111608    0.62586, 5.21938e-309 5.29783e-309     0.622451, -0.00289335 0.000251004    0.620475,  -0.00299158 -0.000197052     0.620356,  -0.0036064 0.000142194    0.620073,  -0.00449811 -0.000472218     0.619743,  -0.00534223 -0.000297487      0.61945,  -0.00623318 -0.000504131      0.61917,    -0.007092 -0.000496996     0.618918,  -0.00794869 -0.000552939     0.618681,  -0.00879559 -0.000558405     0.618457,  -0.00963851 -0.000557338     0.618241,   -0.0104759 -0.000531435     0.618027,   -0.0113077 -0.000483174     0.617808,   -0.0121198 -0.000410088     0.617575,   -0.0124863 -0.000369091     0.617782, 
325, -0.019057 0.0117616  0.626125, 5.21938e-309 5.29783e-309     0.622451, -0.00289335 0.000251004    0.620475,  -0.00299158 -0.000197052     0.620356,  -0.0036064 0.000142194    0.620073,  -0.00449811 -0.000472218     0.619743,  -0.00534223 -0.000297487      0.61945,  -0.00623318 -0.000504131      0.61917,    -0.007092 -0.000496996     0.618918,  -0.00794869 -0.000552939     0.618681,  -0.00879559 -0.000558405     0.618457,  -0.00963851 -0.000557338     0.618241,   -0.0104759 -0.000531435     0.618027,   -0.0113077 -0.000483174     0.617808,   -0.0121198 -0.000410088     0.617575,   -0.0124863 -0.000369091     0.617782, 
330, -0.0180871  0.0123828   0.626407, 5.21938e-309 5.29783e-309     0.622451, -0.00289335 0.000251004    0.620475,  -0.00299158 -0.000197052     0.620356,  -0.0036064 0.000142194    0.620073,  -0.00449811 -0.000472218     0.619743,  -0.00534223 -0.000297487      0.61945,  -0.00623318 -0.000504131      0.61917,    -0.007092 -0.000496996     0.618918,  -0.00794869 -0.000552939     0.618681,  -0.00879559 -0.000558405     0.618457,  -0.00963851 -0.000557338     0.618241,   -0.0104759 -0.000531435     0.618027,   -0.0113077 -0.000483174     0.617808,   -0.0121198 -0.000410088     0.617575,   -0.0124863 -0.000369091     0.617782, 
335, -0.0170533    0.01302   0.626699, 5.21938e-309 5.29783e-309     0.622451, -0.00289335 0.000251004    0.620475,  -0.00299158 -0.000197052     0.620356,  -0.0036064 0.000142194    0.620073,  -0.00449811 -0.000472218     0.619743,  -0.00534223 -0.000297487      0.61945,  -0.00623318 -0.000504131      0.61917,    -0.007092 -0.000496996     0.618918,  -0.00794869 -0.000552939     0.618681,  -0.00879559 -0.000558405     0.618457,  -0.00963851 -0.000557338     0.618241,   -0.0104759 -0.000531435     0.618027,   -0.0113077 -0.000483174     0.617808,   -0.0121198 -0.000410088     0.617575,   -0.0124863 -0.000369091     0.617782, 
340, -0.015942 0.0136823  0.626993, 5.21938e-309 5.29783e-309     0.622451, -0.00289335 0.000251004    0.620475,  -0.00299158 -0.000197052     0.620356,  -0.0036064 0.000142194    0.620073,  -0.00449811 -0.000472218     0.619743,  -0.00534223 -0.000297487      0.61945,  -0.00623318 -0.000504131      0.61917,    -0.007092 -0.000496996     0.618918,  -0.00794869 -0.000552939     0.618681,  -0.00879559 -0.000558405     0.618457,  -0.00963851 -0.000557338     0.618241,   -0.0104759 -0.000531435     0.618027,   -0.0113077 -0.000483174     0.617808,   -0.0121198 -0.000410088     0.617575,   -0.0124863 -0.000369091     0.617782, 
345, -0.0147539  0.0143715   0.627296, 5.21938e-309 5.29783e-309     0.622451, -0.00289335 0.000251004    0.620475,  -0.00299158 -0.000197052     0.620356,  -0.0036064 0.000142194    0.620073,  -0.00449811 -0.000472218     0.619743,  -0.00534223 -0.000297487      0.61945,  -0.00623318 -0.000504131      0.61917,    -0.007092 -0.000496996     0.618918,  -0.00794869 -0.000552939     0.618681,  -0.00879559 -0.000558405     0.618457,  -0.00963851 -0.000557338     0.618241,   -0.0104759 -0.000531435     0.618027,   -0.0113077 -0.000483174     0.617808,   -0.0121198 -0.000410088     0.617575,   -0.0124863 -0.000369091     0.617782, 
350, -0.013462 0.0150631  0.627581, 5.21938e-309 5.29783e-309     0.622451, -0.00289335 0.000251004    0.620475,  -0.00299158 -0.000197052     0.620356,  -0.0036064 0.000142194    0.620073,  -0.00449811 -0.000472218     0.619743,  -0.00534223 -0.000297487      0.61945,  -0.00623318 -0.000504131      0.61917,    -0.007092 -0.000496996     0.618918,  -0.00794869 -0.000552939     0.618681,  -0.00879559 -0.000558405     0.618457,  -0.00963851 -0.000557338     0.618241,   -0.0104759 -0.000531435     0.618027,   -0.0113077 -0.000483174     0.617808,   -0.0121198 -0.000410088     0.617575,   -0.0124863 -0.000369091     0.617782, 
355,  -0.01204 0.0157276  0.627817, 5.21938e-309 5.29783e-309     0.622451, -0.00289335 0.000251004    0.620475,  -0.00299158 -0.000197052     0.620356,  -0.0036064 0.000142194    0.620073,  -0.00449811 -0.000472218     0.619743,  -0.00534223 -0.000297487      0.61945,  -0.00623318 -0.000504131      0.61917,    -0.007092 -0.000496996     0.618918,  -0.00794869 -0.000552939     0.618681,  -0.00879559 -0.000558405     0.618457,  -0.00963851 -0.000557338     0.618241,   -0.0104759 -0.000531435     0.618027,   -0.0113077 -0.000483174     0.617808,   -0.0121198 -0.000410088     0.617575,   -0.0124863 -0.000369091     0.617782, 
360, -0.0105011  0.0163968    0.62804, 5.21938e-309 5.29783e-309     0.622451, -0.00289335 0.000251004    0.620475,  -0.00299158 -0.000197052     0.620356,  -0.0036064 0.000142194    0.620073,  -0.00449811 -0.000472218     0.619743,  -0.00534223 -0.000297487      0.61945,  -0.00623318 -0.000504131      0.61917,    -0.007092 -0.000496996     0.618918,  -0.00794869 -0.000552939     0.618681,  -0.00879559 -0.000558405     0.618457,  -0.00963851 -0.000557338     0.618241,   -0.0104759 -0.000531435     0.618027,   -0.0113077 -0.000483174     0.617808,   -0.0121198 -0.000410088     0.617575,   -0.0124863 -0.000369091     0.617782, 
365, -0.00881413   0.0170174    0.628197, 5.21938e-309 5.29783e-309     0.622451, -0.00289335 0.000251004    0.620475,  -0.00299158 -0.000197052     0.620356,  -0.0036064 0.000142194    0.620073,  -0.00449811 -0.000472218     0.619743,  -0.00534223 -0.000297487      0.61945,  -0.00623318 -0.000504131      0.61917,    -0.007092 -0.000496996     0.618918,  -0.00794869 -0.000552939     0.618681,  -0.00879559 -0.000558405     0.618457,  -0.00963851 -0.000557338     0.618241,   -0.0104759 -0.000531435     0.618027,   -0.0113077 -0.000483174     0.617808,   -0.0121198 -0.000410088     0.617575,   -0.0124863 -0.000369091     0.617782, 
370, -0.0069702  0.0175513    0.62827, 5.21938e-309 5.29783e-309     0.622451, -0.00289335 0.000251004    0.620475,  -0.00299158 -0.000197052     0.620356,  -0.0036064 0.000142194    0.620073,  -0.00449811 -0.000472218     0.619743,  -0.00534223 -0.000297487      0.61945,  -0.00623318 -0.000504131      0.61917,    -0.007092 -0.000496996     0.618918,  -0.00794869 -0.000552939     0.618681,  -0.00879559 -0.000558405     0.618457,  -0.00963851 -0.000557338     0.618241,   -0.0104759 -0.000531435     0.618027,   -0.0113077 -0.000483174     0.617808,   -0.0121198 -0.000410088     0.617575,   -0.0124863 -0.000369091     0.617782, 
375, -0.00495404   0.0179542    0.628213, 5.21938e-309 5.29783e-309     0.622451, -0.00289335 0.000251004    0.620475,  -0.00299158 -0.000197052     0.620356,  -0.0036064 0.000142194    0.620073,  -0.00449811 -0.000472218     0.619743,  -0.00534223 -0.000297487      0.61945,  -0.00623318 -0.000504131      0.61917,    -0.007092 -0.000496996     0.618918,  -0.00794869 -0.000552939     0.618681,  -0.00879559 -0.000558405     0.618457,  -0.00963851 -0.000557338     0.618241,   -0.0104759 -0.000531435     0.618027,   -0.0113077 -0.000483174     0.617808,   -0.0121198 -0.000410088     0.617575,   -0.0124863 -0.000369091     0.617782, 
380, -0.00277604   0.0181516    0.627992, 5.21938e-309 5.29783e-309     0.622451, -0.00289335 0.000251004    0.620475,  -0.00299158 -0.000197052     0.620356,  -0.0036064 0.000142194    0.620073,  -0.00449811 -0.000472218     0.619743,  -0.00534223 -0.000297487      0.61945,  -0.00623318 -0.000504131      0.61917,    -0.007092 -0.000496996     0.618918,  -0.00794869 -0.000552939     0.618681,  -0.00879559 -0.000558405     0.618457,  -0.00963851 -0.000557338     0.618241,   -0.0104759 -0.000531435     0.618027,   -0.0113077 -0.000483174     0.617808,   -0.0121198 -0.000410088     0.617575,   -0.0124863 -0.000369091     0.617782, 
385, -0.000420487    0.0180967     0.627571, 5.21938e-309 5.29783e-309     0.622451, -0.00289335 0.000251004    0.620475,  -0.00299158 -0.000197052     0.620356,  -0.0036064 0.000142194    0.620073,  -0.00449811 -0.000472218     0.619743,  -0.00534223 -0.000297487      0.61945,  -0.00623318 -0.000504131      0.61917,    -0.007092 -0.000496996     0.618918,  -0.00794869 -0.000552939     0.618681,  -0.00879559 -0.000558405     0.618457,  -0.00963851 -0.000557338     0.618241,   -0.0104759 -0.000531435     0.618027,   -0.0113077 -0.000483174     0.617808,   -0.0121198 -0.000410088     0.617575,   -0.0124863 -0.000369091     0.617782, 
390, 0.0021462 0.0177308  0.626914, 5.21938e-309 5.29783e-309     0.622451, -0.00289335 0.000251004    0.620475,  -0.00299158 -0.000197052     0.620356,  -0.0036064 0.000142194    0.620073,  -0.00449811 -0.000472218     0.619743,  -0.00534223 -0.000297487      0.61945,  -0.00623318 -0.000504131      0.61917,    -0.007092 -0.000496996     0.618918,  -0.00794869 -0.000552939     0.618681,  -0.00879559 -0.000558405     0.618457,  -0.00963851 -0.000557338     0.618241,   -0.0104759 -0.000531435     0.618027,   -0.0113077 -0.000483174     0.617808,   -0.0121198 -0.000410088     0.617575,   -0.0124863 -0.000369091     0.617782, 
395, 0.00450324  0.0172877   0.626091, 5.21938e-309 5.29783e-309     0.622451, -0.00289335 0.000251004    0.620475,  -0.00299158 -0.000197052     0.620356,  -0.0036064 0.000142194    0.620073,  -0.00449811 -0.000472218     0.619743,  -0.00534223 -0.000297487      0.61945,  -0.00623318 -0.000504131      0.61917,    -0.007092 -0.000496996     0.618918,  -0.00794869 -0.000552939     0.618681,  -0.00879559 -0.000558405     0.618457,  -0.00963851 -0.000557338     0.618241,   -0.0104759 -0.000531435     0.618027,   -0.0113077 -0.000483174     0.617808,   -0.0121198 -0.000410088     0.617575,   -0.0124863 -0.000369091     0.617782, 
400, 0.00641228  0.0169487   0.625208, 5.21938e-309 5.29783e-309     0.622451, -0.00289335 0.000251004    0.620475,  -0.00299158 -0.000197052     0.620356,  -0.0036064 0.000142194    0.620073,  -0.00449811 -0.000472218     0.619743,  -0.00534223 -0.000297487      0.61945,  -0.00623318 -0.000504131      0.61917,    -0.007092 -0.000496996     0.618918,  -0.00794869 -0.000552939     0.618681,  -0.00879559 -0.000558405     0.618457,  -0.00963851 -0.000557338     0.618241,   -0.0104759 -0.000531435     0.618027,   -0.0113077 -0.000483174     0.617808,   -0.0121198 -0.000410088     0.617575,   -0.0124863 -0.000369091     0.617782, 
405, 0.00798386  0.0166792   0.624271, 5.21938e-309 5.29783e-309     0.622451, -0.00289335 0.000251004    0.620475,  -0.00299158 -0.000197052     0.620356,  -0.0036064 0.000142194    0.620073,  -0.00449811 -0.000472218     0.619743,  -0.00534223 -0.000297487      0.61945,  -0.00623318 -0.000504131      0.61917,    -0.007092 -0.000496996     0.618918,  -0.00794869 -0.000552939     0.618681,  -0.00879559 -0.000558405     0.618457,  -0.00963851 -0.000557338     0.618241,   -0.0104759 -0.000531435     0.618027,   -0.0113077 -0.000483174     0.617808,   -0.0121198 -0.000410088     0.617575,   -0.0124863 -0.000369091     0.617782, 
410, 0.00931013  0.0164265   0.623267, 5.21938e-309 5.29783e-309     0.622451, -0.00289335 0.000251004    0.620475,  -0.00299158 -0.000197052     0.620356,  -0.0036064 0.000142194    0.620073,  -0.00449811 -0.000472218     0.619743,  -0.00534223 -0.000297487      0.61945,  -0.00623318 -0.000504131      0.61917,    -0.007092 -0.000496996     0.618918,  -0.00794869 -0.000552939     0.618681,  -0.00879559 -0.000558405     0.618457,  -0.00963851 -0.000557338     0.618241,   -0.0104759 -0.000531435     0.618027,   -0.0113077 -0.000483174     0.617808,   -0.0121198 -0.000410088     0.617575,   -0.0124863 -0.000369091     0.617782, 
415, 0.0104621 0.0161644  0.622174, 5.21938e-309 5.29783e-309     0.622451, -0.00289335 0.000251004    0.620475,  -0.00299158 -0.000197052     0.620356,  -0.0036064 0.000142194    0.620073,  -0.00449811 -0.000472218     0.619743,  -0.00534223 -0.000297487      0.61945,  -0.00623318 -0.000504131      0.61917,    -0.007092 -0.000496996     0.618918,  -0.00794869 -0.000552939     0.618681,  -0.00879559 -0.000558405     0.618457,  -0.00963851 -0.000557338     0.618241,   -0.0104759 -0.000531435     0.618027,   -0.0113077 -0.000483174     0.617808,   -0.0121198 -0.000410088     0.617575,   -0.0124863 -0.000369091     0.617782, 
420, 0.0115015  0.015869  0.620975, 5.21938e-309 5.29783e-309     0.622451, -0.00289335 0.000251004    0.620475,  -0.00299158 -0.000197052     0.620356,  -0.0036064 0.000142194    0.620073,  -0.00449811 -0.000472218     0.619743,  -0.00534223 -0.000297487      0.61945,  -0.00623318 -0.000504131      0.61917,    -0.007092 -0.000496996     0.618918,  -0.00794869 -0.000552939     0.618681,  -0.00879559 -0.000558405     0.618457,  -0.00963851 -0.000557338     0.618241,   -0.0104759 -0.000531435     0.618027,   -0.0113077 -0.000483174     0.617808,   -0.0121198 -0.000410088     0.617575,   -0.0124863 -0.000369091     0.617782, 
425,  0.012462 0.0155167  0.619659, 5.21938e-309 5.29783e-309     0.622451, -0.00289335 0.000251004    0.620475,  -0.00299158 -0.000197052     0.620356,  -0.0036064 0.000142194    0.620073,  -0.00449811 -0.000472218     0.619743,  -0.00534223 -0.000297487      0.61945,  -0.00623318 -0.000504131      0.61917,    -0.007092 -0.000496996     0.618918,  -0.00794869 -0.000552939     0.618681,  -0.00879559 -0.000558405     0.618457,  -0.00963851 -0.000557338     0.618241,   -0.0104759 -0.000531435     0.618027,   -0.0113077 -0.000483174     0.617808,   -0.0121198 -0.000410088     0.617575,   -0.0124863 -0.000369091     0.617782, 
430, 0.0133765 0.0150936  0.618218, 5.21938e-309 5.29783e-309     0.622451, -0.00289335 0.000251004    0.620475,  -0.00299158 -0.000197052     0.620356,  -0.0036064 0.000142194    0.620073,  -0.00449811 -0.000472218     0.619743,  -0.00534223 -0.000297487      0.61945,  -0.00623318 -0.000504131      0.61917,    -0.007092 -0.000496996     0.618918,  -0.00794869 -0.000552939     0.618681,  -0.00879559 -0.000558405     0.618457,  -0.00963851 -0.000557338     0.618241,   -0.0104759 -0.000531435     0.618027,   -0.0113077 -0.000483174     0.617808,   -0.0121198 -0.000410088     0.617575,   -0.0124863 -0.000369091     0.617782, 
435, 0.0142845 0.0145968  0.616639, 5.21938e-309 5.29783e-309     0.622451, -0.00289335 0.000251004    0.620475,  -0.00299158 -0.000197052     0.620356,  -0.0036064 0.000142194    0.620073,  -0.00449811 -0.000472218     0.619743,  -0.00534223 -0.000297487      0.61945,  -0.00623318 -0.000504131      0.61917,    -0.007092 -0.000496996     0.618918,  -0.00794869 -0.000552939     0.618681,  -0.00879559 -0.000558405     0.618457,  -0.00963851 -0.000557338     0.618241,   -0.0104759 -0.000531435     0.618027,   -0.0113077 -0.000483174     0.617808,   -0.0121198 -0.000410088     0.617575,   -0.0124863 -0.000369091     0.617782, 
440, 0.0151798 0.0140133  0.614922, 5.21938e-309 5.29783e-309     0.622451, -0.00289335 0.000251004    0.620475,  -0.00299158 -0.000197052     0.620356,  -0.0036064 0.000142194    0.620073,  -0.00449811 -0.000472218     0.619743,  -0.00534223 -0.000297487      0.61945,  -0.00623318 -0.000504131      0.61917,    -0.007092 -0.000496996     0.618918,  -0.00794869 -0.000552939     0.618681,  -0.00879559 -0.000558405     0.618457,  -0.00963851 -0.000557338     0.618241,   -0.0104759 -0.000531435     0.618027,   -0.0113077 -0.000483174     0.617808,   -0.0121198 -0.000410088     0.617575,   -0.0124863 -0.000369091     0.617782, 
445,  0.016082 0.0133348  0.613066, 5.21938e-309 5.29783e-309     0.622451, -0.00289335 0.000251004    0.620475,  -0.00299158 -0.000197052     0.620356,  -0.0036064 0.000142194    0.620073,  -0.00449811 -0.000472218     0.619743,  -0.00534223 -0.000297487      0.61945,  -0.00623318 -0.000504131      0.61917,    -0.007092 -0.000496996     0.618918,  -0.00794869 -0.000552939     0.618681,  -0.00879559 -0.000558405     0.618457,  -0.00963851 -0.000557338     0.618241,   -0.0104759 -0.000531435     0.618027,   -0.0113077 -0.000483174     0.617808,   -0.0121198 -0.000410088     0.617575,   -0.0124863 -0.000369091     0.617782, 
450, 0.0170174 0.0125549  0.611065, 5.21938e-309 5.29783e-309     0.622451, -0.00289335 0.000251004    0.620475,  -0.00299158 -0.000197052     0.620356,  -0.0036064 0.000142194    0.620073,  -0.00449811 -0.000472218     0.619743,  -0.00534223 -0.000297487      0.61945,  -0.00623318 -0.000504131      0.61917,    -0.007092 -0.000496996     0.618918,  -0.00794869 -0.000552939     0.618681,  -0.00879559 -0.000558405     0.618457,  -0.00963851 -0.000557338     0.618241,   -0.0104759 -0.000531435     0.618027,   -0.0113077 -0.000483174     0.617808,   -0.0121198 -0.000410088     0.617575,   -0.0124863 -0.000369091     0.617782, 
455,   0.01805 0.0117122  0.608922, 5.21938e-309 5.29783e-309     0.622451, -0.00289335 0.000251004    0.620475,  -0.00299158 -0.000197052     0.620356,  -0.0036064 0.000142194    0.620073,  -0.00449811 -0.000472218     0.619743,  -0.00534223 -0.000297487      0.61945,  -0.00623318 -0.000504131      0.61917,    -0.007092 -0.000496996     0.618918,  -0.00794869 -0.000552939     0.618681,  -0.00879559 -0.000558405     0.618457,  -0.00963851 -0.000557338     0.618241,   -0.0104759 -0.000531435     0.618027,   -0.0113077 -0.000483174     0.617808,   -0.0121198 -0.000410088     0.617575,   -0.0124863 -0.000369091     0.617782, 
460,  0.019196 0.0107932  0.606638, 5.21938e-309 5.29783e-309     0.622451, -0.00289335 0.000251004    0.620475,  -0.00299158 -0.000197052     0.620356,  -0.0036064 0.000142194    0.620073,  -0.00449811 -0.000472218     0.619743,  -0.00534223 -0.000297487      0.61945,  -0.00623318 -0.000504131      0.61917,    -0.007092 -0.000496996     0.618918,  -0.00794869 -0.000552939     0.618681,  -0.00879559 -0.000558405     0.618457,  -0.00963851 -0.000557338     0.618241,   -0.0104759 -0.000531435     0.618027,   -0.0113077 -0.000483174     0.617808,   -0.0121198 -0.000410088     0.617575,   -0.0124863 -0.000369091     0.617782, 
465,  0.0204279 0.00980254   0.604199, 5.21938e-309 5.29783e-309     0.622451, -0.00289335 0.000251004    0.620475,  -0.00299158 -0.000197052     0.620356,  -0.0036064 0.000142194    0.620073,  -0.00449811 -0.000472218     0.619743,  -0.00534223 -0.000297487      0.61945,  -0.00623318 -0.000504131      0.61917,    -0.007092 -0.000496996     0.618918,  -0.00794869 -0.000552939     0.618681,  -0.00879559 -0.000558405     0.618457,  -0.00963851 -0.000557338     0.618241,   -0.0104759 -0.000531435     0.618027,   -0.0113077 -0.000483174     0.617808,   -0.0121198 -0.000410088     0.617575,   -0.0124863 -0.000369091     0.617782, 
470,  0.0217452 0.00872776   0.601603, 5.21938e-309 5.29783e-309     0.622451, -0.00289335 0.000251004    0.620475,  -0.00299158 -0.000197052     0.620356,  -0.0036064 0.000142194    0.620073,  -0.00449811 -0.000472218     0.619743,  -0.00534223 -0.000297487      0.61945,  -0.00623318 -0.000504131      0.61917,    -0.007092 -0.000496996     0.618918,  -0.00794869 -0.000552939     0.618681,  -0.00879559 -0.000558405     0.618457,  -0.00963851 -0.000557338     0.618241,   -0.0104759 -0.000531435     0.618027,   -0.0113077 -0.000483174     0.617808,   -0.0121198 -0.000410088     0.617575,   -0.0124863 -0.000369091     0.617782, 
475,  0.0231562 0.00756776   0.598844, 5.21938e-309 5.29783e-309     0.622451, -0.00289335 0.000251004    0.620475,  -0.00299158 -0.000197052     0.620356,  -0.0036064 0.000142194    0.620073,  -0.00449811 -0.000472218     0.619743,  -0.00534223 -0.000297487      0.61945,  -0.00623318 -0.000504131      0.61917,    -0.007092 -0.000496996     0.618918,  -0.00794869 -0.000552939     0.618681,  -0.00879559 -0.000558405     0.618457,  -0.00963851 -0.000557338     0.618241,   -0.0104759 -0.000531435     0.618027,   -0.0113077 -0.000483174     0.617808,   -0.0121198 -0.000410088     0.617575,   -0.0124863 -0.000369091     0.617782, 
480,  0.0246788 0.00632744   0.595919, 5.21938e-309 5.29783e-309     0.622451, -0.00289335 0.000251004    0.620475,  -0.00299158 -0.000197052     0.620356,  -0.0036064 0.000142194    0.620073,  -0.00449811 -0.000472218     0.619743,  -0.00534223 -0.000297487      0.61945,  -0.00623318 -0.000504131      0.61917,    -0.007092 -0.000496996     0.618918,  -0.00794869 -0.000552939     0.618681,  -0.00879559 -0.000558405     0.618457,  -0.00963851 -0.000557338     0.618241,   -0.0104759 -0.000531435     0.618027,   -0.0113077 -0.000483174     0.617808,   -0.0121198 -0.000410088     0.617575,   -0.0124863 -0.000369091     0.617782, 
485,  0.0263343 0.00501097   0.592826, 5.21938e-309 5.29783e-309     0.622451, -0.00289335 0.000251004    0.620475,  -0.00299158 -0.000197052     0.620356,  -0.0036064 0.000142194    0.620073,  -0.00449811 -0.000472218     0.619743,  -0.00534223 -0.000297487      0.61945,  -0.00623318 -0.000504131      0.61917,    -0.007092 -0.000496996     0.618918,  -0.00794869 -0.000552939     0.618681,  -0.00879559 -0.000558405     0.618457,  -0.00963851 -0.000557338     0.618241,   -0.0104759 -0.000531435     0.618027,   -0.0113077 -0.000483174     0.617808,   -0.0121198 -0.000410088     0.617575,   -0.0124863 -0.000369091     0.617782, 
490, 0.0281513 0.0036287  0.589557, 5.21938e-309 5.29783e-309     0.622451, -0.00289335 0.000251004    0.620475,  -0.00299158 -0.000197052     0.620356,  -0.0036064 0.000142194    0.620073,  -0.00449811 -0.000472218     0.619743,  -0.00534223 -0.000297487      0.61945,  -0.00623318 -0.000504131      0.61917,    -0.007092 -0.000496996     0.618918,  -0.00794869 -0.000552939     0.618681,  -0.00879559 -0.000558405     0.618457,  -0.00963851 -0.000557338     0.618241,   -0.0104759 -0.000531435     0.618027,   -0.0113077 -0.000483174     0.617808,   -0.0121198 -0.000410088     0.617575,   -0.0124863 -0.000369091     0.617782, 
495,  0.0301476 0.00217014   0.586127, 5.21938e-309 5.29783e-309     0.622451, -0.00289335 0.000251004    0.620475,  -0.00299158 -0.000197052     0.620356,  -0.0036064 0.000142194    0.620073,  -0.00449811 -0.000472218     0.619743,  -0.00534223 -0.000297487      0.61945,  -0.00623318 -0.000504131      0.61917,    -0.007092 -0.000496996     0.618918,  -0.00794869 -0.000552939     0.618681,  -0.00879559 -0.000558405     0.618457,  -0.00963851 -0.000557338     0.618241,   -0.0104759 -0.000531435     0.618027,   -0.0113077 -0.000483174     0.617808,   -0.0121198 -0.000410088     0.617575,   -0.0124863 -0.000369091     0.617782, 
500,    0.032362 0.000606211    0.582534, 5.21938e-309 5.29783e-309     0.622451, -0.00289335 0.000251004    0.620475,  -0.00299158 -0.000197052     0.620356,  -0.0036064 0.000142194    0.620073,  -0.00449811 -0.000472218     0.619743,  -0.00534223 -0.000297487      0.61945,  -0.00623318 -0.000504131      0.61917,    -0.007092 -0.000496996     0.618918,  -0.00794869 -0.000552939     0.618681,  -0.00879559 -0.000558405     0.618457,  -0.00963851 -0.000557338     0.618241,   -0.0104759 -0.000531435     0.618027,   -0.0113077 -0.000483174     0.617808,   -0.0121198 -0.000410088     0.617575,   -0.0124863 -0.000369091     0.617782, 
505,   0.0347833 -0.00105439    0.578782, 5.21938e-309 5.29783e-309     0.622451, -0.00289335 0.000251004    0.620475,  -0.00299158 -0.000197052     0.620356,  -0.0036064 0.000142194    0.620073,  -0.00449811 -0.000472218     0.619743,  -0.00534223 -0.000297487      0.61945,  -0.00623318 -0.000504131      0.61917,    -0.007092 -0.000496996     0.618918,  -0.00794869 -0.000552939     0.618681,  -0.00879559 -0.000558405     0.618457,  -0.00963851 -0.000557338     0.618241,   -0.0104759 -0.000531435     0.618027,   -0.0113077 -0.000483174     0.617808,   -0.0121198 -0.000410088     0.617575,   -0.0124863 -0.000369091     0.617782, 
510,   0.0373975 -0.00279085    0.574873, 5.21938e-309 5.29783e-309     0.622451, -0.00289335 0.000251004    0.620475,  -0.00299158 -0.000197052     0.620356,  -0.0036064 0.000142194    0.620073,  -0.00449811 -0.000472218     0.619743,  -0.00534223 -0.000297487      0.61945,  -0.00623318 -0.000504131      0.61917,    -0.007092 -0.000496996     0.618918,  -0.00794869 -0.000552939     0.618681,  -0.00879559 -0.000558405     0.618457,  -0.00963851 -0.000557338     0.618241,   -0.0104759 -0.000531435     0.618027,   -0.0113077 -0.000483174     0.617808,   -0.0121198 -0.000410088     0.617575,   -0.0124863 -0.000369091     0.617782, 
515,   0.0401762 -0.00456172    0.570825, 5.21938e-309 5.29783e-309     0.622451, -0.00289335 0.000251004    0.620475,  -0.00299158 -0.000197052     0.620356,  -0.0036064 0.000142194    0.620073,  -0.00449811 -0.000472218     0.619743,  -0.00534223 -0.000297487      0.61945,  -0.00623318 -0.000504131      0.61917,    -0.007092 -0.000496996     0.618918,  -0.00794869 -0.000552939     0.618681,  -0.00879559 -0.000558405     0.618457,  -0.00963851 -0.000557338     0.618241,   -0.0104759 -0.000531435     0.618027,   -0.0113077 -0.000483174     0.617808,   -0.0121198 -0.000410088     0.617575,   -0.0124863 -0.000369091     0.617782, 
520,   0.0429032 -0.00624301    0.566637, 5.21938e-309 5.29783e-309     0.622451, -0.00289335 0.000251004    0.620475,  -0.00299158 -0.000197052     0.620356,  -0.0036064 0.000142194    0.620073,  -0.00449811 -0.000472218     0.619743,  -0.00534223 -0.000297487      0.61945,  -0.00623318 -0.000504131      0.61917,    -0.007092 -0.000496996     0.618918,  -0.00794869 -0.000552939     0.618681,  -0.00879559 -0.000558405     0.618457,  -0.00963851 -0.000557338     0.618241,   -0.0104759 -0.000531435     0.618027,   -0.0113077 -0.000483174     0.617808,   -0.0121198 -0.000410088     0.617575,   -0.0124863 -0.000369091     0.617782, 
525,   0.0455991 -0.00783807    0.562291, 5.21938e-309 5.29783e-309     0.622451, -0.00289335 0.000251004    0.620475,  -0.00299158 -0.000197052     0.620356,  -0.0036064 0.000142194    0.620073,  -0.00449811 -0.000472218     0.619743,  -0.00534223 -0.000297487      0.61945,  -0.00623318 -0.000504131      0.61917,    -0.007092 -0.000496996     0.618918,  -0.00794869 -0.000552939     0.618681,  -0.00879559 -0.000558405     0.618457,  -0.00963851 -0.000557338     0.618241,   -0.0104759 -0.000531435     0.618027,   -0.0113077 -0.000483174     0.617808,   -0.0121198 -0.000410088     0.617575,   -0.0124863 -0.000369091     0.617782, 
530,   0.0483069 -0.00912161    0.557852, 5.21938e-309 5.29783e-309     0.622451, -0.00289335 0.000251004    0.620475,  -0.00299158 -0.000197052     0.620356,  -0.0036064 0.000142194    0.620073,  -0.00449811 -0.000472218     0.619743,  -0.00534223 -0.000297487      0.61945,  -0.00623318 -0.000504131      0.61917,    -0.007092 -0.000496996     0.618918,  -0.00794869 -0.000552939     0.618681,  -0.00879559 -0.000558405     0.618457,  -0.00963851 -0.000557338     0.618241,   -0.0104759 -0.000531435     0.618027,   -0.0113077 -0.000483174     0.617808,   -0.0121198 -0.000410088     0.617575,   -0.0124863 -0.000369091     0.617782, 
535,   0.0510038 -0.00956393    0.553502, 5.21938e-309 5.29783e-309     0.622451, -0.00289335 0.000251004    0.620475,  -0.00299158 -0.000197052     0.620356,  -0.0036064 0.000142194    0.620073,  -0.00449811 -0.000472218     0.619743,  -0.00534223 -0.000297487      0.61945,  -0.00623318 -0.000504131      0.61917,    -0.007092 -0.000496996     0.618918,  -0.00794869 -0.000552939     0.618681,  -0.00879559 -0.000558405     0.618457,  -0.00963851 -0.000557338     0.618241,   -0.0104759 -0.000531435     0.618027,   -0.0113077 -0.000483174     0.617808,   -0.0121198 -0.000410088     0.617575,   -0.0124863 -0.000369091     0.617782, 
540,   0.0537208 -0.00942193      0.5492, 5.21938e-309 5.29783e-309     0.622451, -0.00289335 0.000251004    0.620475,  -0.00299158 -0.000197052     0.620356,  -0.0036064 0.000142194    0.620073,  -0.00449811 -0.000472218     0.619743,  -0.00534223 -0.000297487      0.61945,  -0.00623318 -0.000504131      0.61917,    -0.007092 -0.000496996     0.618918,  -0.00794869 -0.000552939     0.618681,  -0.00879559 -0.000558405     0.618457,  -0.00963851 -0.000557338     0.618241,   -0.0104759 -0.000531435     0.618027,   -0.0113077 -0.000483174     0.617808,   -0.0121198 -0.000410088     0.617575,   -0.0124863 -0.000369091     0.617782, 
545,   0.0565257 -0.00888843    0.544954, 5.21938e-309 5.29783e-309     0.622451, -0.00289335 0.000251004    0.620475,  -0.00299158 -0.000197052     0.620356,  -0.0036064 0.000142194    0.620073,  -0.00449811 -0.000472218     0.619743,  -0.00534223 -0.000297487      0.61945,  -0.00623318 -0.000504131      0.61917,    -0.007092 -0.000496996     0.618918,  -0.00794869 -0.000552939     0.618681,  -0.00879559 -0.000558405     0.618457,  -0.00963851 -0.000557338     0.618241,   -0.0104759 -0.000531435     0.618027,   -0.0113077 -0.000483174     0.617808,   -0.0121198 -0.000410088     0.617575,   -0.0124863 -0.000369091     0.617782, 
550,   0.0594908 -0.00809818    0.540802, 5.21938e-309 5.29783e-309     0.622451, -0.00289335 0.000251004    0.620475,  -0.00299158 -0.000197052     0.620356,  -0.0036064 0.000142194    0.620073,  -0.00449811 -0.000472218     0.619743,  -0.00534223 -0.000297487      0.61945,  -0.00623318 -0.000504131      0.61917,    -0.007092 -0.000496996     0.618918,  -0.00794869 -0.000552939     0.618681,  -0.00879559 -0.000558405     0.618457,  -0.00963851 -0.000557338     0.618241,   -0.0104759 -0.000531435     0.618027,   -0.0113077 -0.000483174     0.617808,   -0.0121198 -0.000410088     0.617575,   -0.0124863 -0.000369091     0.617782, 
555,    0.062561 -0.00716382    0.536673, 5.21938e-309 5.29783e-309     0.622451, -0.00289335 0.000251004    0.620475,  -0.00299158 -0.000197052     0.620356,  -0.0036064 0.000142194    0.620073,  -0.00449811 -0.000472218     0.619743,  -0.00534223 -0.000297487      0.61945,  -0.00623318 -0.000504131      0.61917,    -0.007092 -0.000496996     0.618918,  -0.00794869 -0.000552939     0.618681,  -0.00879559 -0.000558405     0.618457,  -0.00963851 -0.000557338     0.618241,   -0.0104759 -0.000531435     0.618027,   -0.0113077 -0.000483174     0.617808,   -0.0121198 -0.000410088     0.617575,   -0.0124863 -0.000369091     0.617782, 
560,   0.0655763 -0.00623461    0.532466, 5.21938e-309 5.29783e-309     0.622451, -0.00289335 0.000251004    0.620475,  -0.00299158 -0.000197052     0.620356,  -0.0036064 0.000142194    0.620073,  -0.00449811 -0.000472218     0.619743,  -0.00534223 -0.000297487      0.61945,  -0.00623318 -0.000504131      0.61917,    -0.007092 -0.000496996     0.618918,  -0.00794869 -0.000552939     0.618681,  -0.00879559 -0.000558405     0.618457,  -0.00963851 -0.000557338     0.618241,   -0.0104759 -0.000531435     0.618027,   -0.0113077 -0.000483174     0.617808,   -0.0121198 -0.000410088     0.617575,   -0.0124863 -0.000369091     0.617782, 
565,   0.0685306 -0.00528951    0.528199, 5.21938e-309 5.29783e-309     0.622451, -0.00289335 0.000251004    0.620475,  -0.00299158 -0.000197052     0.620356,  -0.0036064 0.000142194    0.620073,  -0.00449811 -0.000472218     0.619743,  -0.00534223 -0.000297487      0.61945,  -0.00623318 -0.000504131      0.61917,    -0.007092 -0.000496996     0.618918,  -0.00794869 -0.000552939     0.618681,  -0.00879559 -0.000558405     0.618457,  -0.00963851 -0.000557338     0.618241,   -0.0104759 -0.000531435     0.618027,   -0.0113077 -0.000483174     0.617808,   -0.0121198 -0.000410088     0.617575,   -0.0124863 -0.000369091     0.617782, 
570,   0.0714546 -0.00414576    0.523988, 5.21938e-309 5.29783e-309     0.622451, -0.00289335 0.000251004    0.620475,  -0.00299158 -0.000197052     0.620356,  -0.0036064 0.000142194    0.620073,  -0.00449811 -0.000472218     0.619743,  -0.00534223 -0.000297487      0.61945,  -0.00623318 -0.000504131      0.61917,    -0.007092 -0.000496996     0.618918,  -0.00794869 -0.000552939     0.618681,  -0.00879559 -0.000558405     0.618457,  -0.00963851 -0.000557338     0.618241,   -0.0104759 -0.000531435     0.618027,   -0.0113077 -0.000483174     0.617808,   -0.0121198 -0.000410088     0.617575,   -0.0124863 -0.000369091     0.617782, 
